code,name,continent,capital,flag_1x1,flag_4x3
af,Afghanistan,Asia,Kabul,https://wvasmffspxkdbyxrrhzc.supabase.co/storage/v1/object/public/logos/flags/1x1/af.svg,https://wvasmffspxkdbyxrrhzc.supabase.co/storage/v1/object/public/logos/flags/4x3/af.svg
ax,Aland Islands,Europe,Mariehamn,https://wvasmffspxkdbyxrrhzc.supabase.co/storage/v1/object/public/logos/flags/1x1/ax.svg,https://wvasmffspxkdbyxrrhzc.supabase.co/storage/v1/object/public/logos/flags/4x3/ax.svg
al,Albania,Europe,Tirana,https://wvasmffspxkdbyxrrhzc.supabase.co/storage/v1/object/public/logos/flags/1x1/al.svg,https://wvasmffspxkdbyxrrhzc.supabase.co/storage/v1/object/public/logos/flags/4x3/al.svg
dz,Algeria,Africa,Algiers,https://wvasmffspxkdbyxrrhzc.supabase.co/storage/v1/object/public/logos/flags/1x1/dz.svg,https://wvasmffspxkdbyxrrhzc.supabase.co/storage/v1/object/public/logos/flags/4x3/dz.svg
as,American Samoa,Oceania,Pago Pago,https://wvasmffspxkdbyxrrhzc.supabase.co/storage/v1/object/public/logos/flags/1x1/as.svg,https://wvasmffspxkdbyxrrhzc.supabase.co/storage/v1/object/public/logos/flags/4x3/as.svg
ad,Andorra,Europe,Andorra la Vella,https://wvasmffspxkdbyxrrhzc.supabase.co/storage/v1/object/public/logos/flags/1x1/ad.svg,https://wvasmffspxkdbyxrrhzc.supabase.co/storage/v1/object/public/logos/flags/4x3/ad.svg
ao,Angola,Africa,Luanda,https://wvasmffspxkdbyxrrhzc.supabase.co/storage/v1/object/public/logos/flags/1x1/ao.svg,https://wvasmffspxkdbyxrrhzc.supabase.co/storage/v1/object/public/logos/flags/4x3/ao.svg
ai,Anguilla,North America,The Valley,https://wvasmffspxkdbyxrrhzc.supabase.co/storage/v1/object/public/logos/flags/1x1/ai.svg,https://wvasmffspxkdbyxrrhzc.supabase.co/storage/v1/object/public/logos/flags/4x3/ai.svg
aq,Antarctica,,,https://wvasmffspxkdbyxrrhzc.supabase.co/storage/v1/object/public/logos/flags/1x1/aq.svg,https://wvasmffspxkdbyxrrhzc.supabase.co/storage/v1/object/public/logos/flags/4x3/aq.svg
ag,Antigua and Barbuda,North America,St. John's,https://wvasmffspxkdbyxrrhzc.supabase.co/storage/v1/object/public/logos/flags/1x1/ag.svg,https://wvasmffspxkdbyxrrhzc.supabase.co/storage/v1/object/public/logos/flags/4x3/ag.svg
ar,Argentina,South America,Buenos Aires,https://wvasmffspxkdbyxrrhzc.supabase.co/storage/v1/object/public/logos/flags/1x1/ar.svg,https://wvasmffspxkdbyxrrhzc.supabase.co/storage/v1/object/public/logos/flags/4x3/ar.svg
am,Armenia,Asia,Yerevan,https://wvasmffspxkdbyxrrhzc.supabase.co/storage/v1/object/public/logos/flags/1x1/am.svg,https://wvasmffspxkdbyxrrhzc.supabase.co/storage/v1/object/public/logos/flags/4x3/am.svg
aw,Aruba,South America,Oranjestad,https://wvasmffspxkdbyxrrhzc.supabase.co/storage/v1/object/public/logos/flags/1x1/aw.svg,https://wvasmffspxkdbyxrrhzc.supabase.co/storage/v1/object/public/logos/flags/4x3/aw.svg
sh-ac,Ascension Island,Africa,Georgetown,https://wvasmffspxkdbyxrrhzc.supabase.co/storage/v1/object/public/logos/flags/1x1/sh-ac.svg,https://wvasmffspxkdbyxrrhzc.supabase.co/storage/v1/object/public/logos/flags/4x3/sh-ac.svg
asean,Association of Southeast Asian Nations,,,https://wvasmffspxkdbyxrrhzc.supabase.co/storage/v1/object/public/logos/flags/1x1/asean.svg,https://wvasmffspxkdbyxrrhzc.supabase.co/storage/v1/object/public/logos/flags/4x3/asean.svg
au,Australia,Oceania,Canberra,https://wvasmffspxkdbyxrrhzc.supabase.co/storage/v1/object/public/logos/flags/1x1/au.svg,https://wvasmffspxkdbyxrrhzc.supabase.co/storage/v1/object/public/logos/flags/4x3/au.svg
at,Austria,Europe,Vienna,https://wvasmffspxkdbyxrrhzc.supabase.co/storage/v1/object/public/logos/flags/1x1/at.svg,https://wvasmffspxkdbyxrrhzc.supabase.co/storage/v1/object/public/logos/flags/4x3/at.svg
az,Azerbaijan,Asia,Baku,https://wvasmffspxkdbyxrrhzc.supabase.co/storage/v1/object/public/logos/flags/1x1/az.svg,https://wvasmffspxkdbyxrrhzc.supabase.co/storage/v1/object/public/logos/flags/4x3/az.svg
bs,Bahamas,North America,Nassau,https://wvasmffspxkdbyxrrhzc.supabase.co/storage/v1/object/public/logos/flags/1x1/bs.svg,https://wvasmffspxkdbyxrrhzc.supabase.co/storage/v1/object/public/logos/flags/4x3/bs.svg
bh,Bahrain,Asia,Manama,https://wvasmffspxkdbyxrrhzc.supabase.co/storage/v1/object/public/logos/flags/1x1/bh.svg,https://wvasmffspxkdbyxrrhzc.supabase.co/storage/v1/object/public/logos/flags/4x3/bh.svg
bd,Bangladesh,Asia,Dhaka,https://wvasmffspxkdbyxrrhzc.supabase.co/storage/v1/object/public/logos/flags/1x1/bd.svg,https://wvasmffspxkdbyxrrhzc.supabase.co/storage/v1/object/public/logos/flags/4x3/bd.svg
bb,Barbados,North America,Bridgetown,https://wvasmffspxkdbyxrrhzc.supabase.co/storage/v1/object/public/logos/flags/1x1/bb.svg,https://wvasmffspxkdbyxrrhzc.supabase.co/storage/v1/object/public/logos/flags/4x3/bb.svg
es-pv,Basque Country,,,https://wvasmffspxkdbyxrrhzc.supabase.co/storage/v1/object/public/logos/flags/1x1/es-pv.svg,https://wvasmffspxkdbyxrrhzc.supabase.co/storage/v1/object/public/logos/flags/4x3/es-pv.svg
by,Belarus,Europe,Minsk,https://wvasmffspxkdbyxrrhzc.supabase.co/storage/v1/object/public/logos/flags/1x1/by.svg,https://wvasmffspxkdbyxrrhzc.supabase.co/storage/v1/object/public/logos/flags/4x3/by.svg
be,Belgium,Europe,Brussels,https://wvasmffspxkdbyxrrhzc.supabase.co/storage/v1/object/public/logos/flags/1x1/be.svg,https://wvasmffspxkdbyxrrhzc.supabase.co/storage/v1/object/public/logos/flags/4x3/be.svg
bz,Belize,North America,Belmopan,https://wvasmffspxkdbyxrrhzc.supabase.co/storage/v1/object/public/logos/flags/1x1/bz.svg,https://wvasmffspxkdbyxrrhzc.supabase.co/storage/v1/object/public/logos/flags/4x3/bz.svg
bj,Benin,Africa,Porto-Novo,https://wvasmffspxkdbyxrrhzc.supabase.co/storage/v1/object/public/logos/flags/1x1/bj.svg,https://wvasmffspxkdbyxrrhzc.supabase.co/storage/v1/object/public/logos/flags/4x3/bj.svg
bm,Bermuda,North America,Hamilton,https://wvasmffspxkdbyxrrhzc.supabase.co/storage/v1/object/public/logos/flags/1x1/bm.svg,https://wvasmffspxkdbyxrrhzc.supabase.co/storage/v1/object/public/logos/flags/4x3/bm.svg
bt,Bhutan,Asia,Thimphu,https://wvasmffspxkdbyxrrhzc.supabase.co/storage/v1/object/public/logos/flags/1x1/bt.svg,https://wvasmffspxkdbyxrrhzc.supabase.co/storage/v1/object/public/logos/flags/4x3/bt.svg
bo,Bolivia,South America,Sucre,https://wvasmffspxkdbyxrrhzc.supabase.co/storage/v1/object/public/logos/flags/1x1/bo.svg,https://wvasmffspxkdbyxrrhzc.supabase.co/storage/v1/object/public/logos/flags/4x3/bo.svg
bq,"Bonaire, Sint Eustatius and Saba",South America,Kralendijk,https://wvasmffspxkdbyxrrhzc.supabase.co/storage/v1/object/public/logos/flags/1x1/bq.svg,https://wvasmffspxkdbyxrrhzc.supabase.co/storage/v1/object/public/logos/flags/4x3/bq.svg
ba,Bosnia and Herzegovina,Europe,Sarajevo,https://wvasmffspxkdbyxrrhzc.supabase.co/storage/v1/object/public/logos/flags/1x1/ba.svg,https://wvasmffspxkdbyxrrhzc.supabase.co/storage/v1/object/public/logos/flags/4x3/ba.svg
bw,Botswana,Africa,Gaborone,https://wvasmffspxkdbyxrrhzc.supabase.co/storage/v1/object/public/logos/flags/1x1/bw.svg,https://wvasmffspxkdbyxrrhzc.supabase.co/storage/v1/object/public/logos/flags/4x3/bw.svg
bv,Bouvet Island,,,https://wvasmffspxkdbyxrrhzc.supabase.co/storage/v1/object/public/logos/flags/1x1/bv.svg,https://wvasmffspxkdbyxrrhzc.supabase.co/storage/v1/object/public/logos/flags/4x3/bv.svg
br,Brazil,South America,Brasília,https://wvasmffspxkdbyxrrhzc.supabase.co/storage/v1/object/public/logos/flags/1x1/br.svg,https://wvasmffspxkdbyxrrhzc.supabase.co/storage/v1/object/public/logos/flags/4x3/br.svg
io,British Indian Ocean Territory,Asia,Diego Garcia,https://wvasmffspxkdbyxrrhzc.supabase.co/storage/v1/object/public/logos/flags/1x1/io.svg,https://wvasmffspxkdbyxrrhzc.supabase.co/storage/v1/object/public/logos/flags/4x3/io.svg
bn,Brunei Darussalam,Asia,Bandar Seri Begawan,https://wvasmffspxkdbyxrrhzc.supabase.co/storage/v1/object/public/logos/flags/1x1/bn.svg,https://wvasmffspxkdbyxrrhzc.supabase.co/storage/v1/object/public/logos/flags/4x3/bn.svg
bg,Bulgaria,Europe,Sofia,https://wvasmffspxkdbyxrrhzc.supabase.co/storage/v1/object/public/logos/flags/1x1/bg.svg,https://wvasmffspxkdbyxrrhzc.supabase.co/storage/v1/object/public/logos/flags/4x3/bg.svg
bf,Burkina Faso,Africa,Ouagadougou,https://wvasmffspxkdbyxrrhzc.supabase.co/storage/v1/object/public/logos/flags/1x1/bf.svg,https://wvasmffspxkdbyxrrhzc.supabase.co/storage/v1/object/public/logos/flags/4x3/bf.svg
bi,Burundi,Africa,Bujumbura,https://wvasmffspxkdbyxrrhzc.supabase.co/storage/v1/object/public/logos/flags/1x1/bi.svg,https://wvasmffspxkdbyxrrhzc.supabase.co/storage/v1/object/public/logos/flags/4x3/bi.svg
cv,Cabo Verde,Africa,Praia,https://wvasmffspxkdbyxrrhzc.supabase.co/storage/v1/object/public/logos/flags/1x1/cv.svg,https://wvasmffspxkdbyxrrhzc.supabase.co/storage/v1/object/public/logos/flags/4x3/cv.svg
kh,Cambodia,Asia,Phnom Penh,https://wvasmffspxkdbyxrrhzc.supabase.co/storage/v1/object/public/logos/flags/1x1/kh.svg,https://wvasmffspxkdbyxrrhzc.supabase.co/storage/v1/object/public/logos/flags/4x3/kh.svg
cm,Cameroon,Africa,Yaoundé,https://wvasmffspxkdbyxrrhzc.supabase.co/storage/v1/object/public/logos/flags/1x1/cm.svg,https://wvasmffspxkdbyxrrhzc.supabase.co/storage/v1/object/public/logos/flags/4x3/cm.svg
ca,Canada,North America,Ottawa,https://wvasmffspxkdbyxrrhzc.supabase.co/storage/v1/object/public/logos/flags/1x1/ca.svg,https://wvasmffspxkdbyxrrhzc.supabase.co/storage/v1/object/public/logos/flags/4x3/ca.svg
ic,Canary Islands,,,https://wvasmffspxkdbyxrrhzc.supabase.co/storage/v1/object/public/logos/flags/1x1/ic.svg,https://wvasmffspxkdbyxrrhzc.supabase.co/storage/v1/object/public/logos/flags/4x3/ic.svg
es-ct,Catalonia,,,https://wvasmffspxkdbyxrrhzc.supabase.co/storage/v1/object/public/logos/flags/1x1/es-ct.svg,https://wvasmffspxkdbyxrrhzc.supabase.co/storage/v1/object/public/logos/flags/4x3/es-ct.svg
ky,Cayman Islands,North America,George Town,https://wvasmffspxkdbyxrrhzc.supabase.co/storage/v1/object/public/logos/flags/1x1/ky.svg,https://wvasmffspxkdbyxrrhzc.supabase.co/storage/v1/object/public/logos/flags/4x3/ky.svg
cf,Central African Republic,Africa,Bangui,https://wvasmffspxkdbyxrrhzc.supabase.co/storage/v1/object/public/logos/flags/1x1/cf.svg,https://wvasmffspxkdbyxrrhzc.supabase.co/storage/v1/object/public/logos/flags/4x3/cf.svg
cefta,Central European Free Trade Agreement,,,https://wvasmffspxkdbyxrrhzc.supabase.co/storage/v1/object/public/logos/flags/1x1/cefta.svg,https://wvasmffspxkdbyxrrhzc.supabase.co/storage/v1/object/public/logos/flags/4x3/cefta.svg
td,Chad,Africa,N'Djamena,https://wvasmffspxkdbyxrrhzc.supabase.co/storage/v1/object/public/logos/flags/1x1/td.svg,https://wvasmffspxkdbyxrrhzc.supabase.co/storage/v1/object/public/logos/flags/4x3/td.svg
cl,Chile,South America,Santiago,https://wvasmffspxkdbyxrrhzc.supabase.co/storage/v1/object/public/logos/flags/1x1/cl.svg,https://wvasmffspxkdbyxrrhzc.supabase.co/storage/v1/object/public/logos/flags/4x3/cl.svg
cn,China,Asia,Beijing,https://wvasmffspxkdbyxrrhzc.supabase.co/storage/v1/object/public/logos/flags/1x1/cn.svg,https://wvasmffspxkdbyxrrhzc.supabase.co/storage/v1/object/public/logos/flags/4x3/cn.svg
cx,Christmas Island,Asia,Flying Fish Cove,https://wvasmffspxkdbyxrrhzc.supabase.co/storage/v1/object/public/logos/flags/1x1/cx.svg,https://wvasmffspxkdbyxrrhzc.supabase.co/storage/v1/object/public/logos/flags/4x3/cx.svg
cp,Clipperton Island,,,https://wvasmffspxkdbyxrrhzc.supabase.co/storage/v1/object/public/logos/flags/1x1/cp.svg,https://wvasmffspxkdbyxrrhzc.supabase.co/storage/v1/object/public/logos/flags/4x3/cp.svg
cc,Cocos (Keeling) Islands,Asia,West Island,https://wvasmffspxkdbyxrrhzc.supabase.co/storage/v1/object/public/logos/flags/1x1/cc.svg,https://wvasmffspxkdbyxrrhzc.supabase.co/storage/v1/object/public/logos/flags/4x3/cc.svg
co,Colombia,South America,Bogotá,https://wvasmffspxkdbyxrrhzc.supabase.co/storage/v1/object/public/logos/flags/1x1/co.svg,https://wvasmffspxkdbyxrrhzc.supabase.co/storage/v1/object/public/logos/flags/4x3/co.svg
km,Comoros,Africa,Moroni,https://wvasmffspxkdbyxrrhzc.supabase.co/storage/v1/object/public/logos/flags/1x1/km.svg,https://wvasmffspxkdbyxrrhzc.supabase.co/storage/v1/object/public/logos/flags/4x3/km.svg
ck,Cook Islands,Oceania,Avarua,https://wvasmffspxkdbyxrrhzc.supabase.co/storage/v1/object/public/logos/flags/1x1/ck.svg,https://wvasmffspxkdbyxrrhzc.supabase.co/storage/v1/object/public/logos/flags/4x3/ck.svg
cr,Costa Rica,North America,San José,https://wvasmffspxkdbyxrrhzc.supabase.co/storage/v1/object/public/logos/flags/1x1/cr.svg,https://wvasmffspxkdbyxrrhzc.supabase.co/storage/v1/object/public/logos/flags/4x3/cr.svg
hr,Croatia,Europe,Zagreb,https://wvasmffspxkdbyxrrhzc.supabase.co/storage/v1/object/public/logos/flags/1x1/hr.svg,https://wvasmffspxkdbyxrrhzc.supabase.co/storage/v1/object/public/logos/flags/4x3/hr.svg
cu,Cuba,North America,Havana,https://wvasmffspxkdbyxrrhzc.supabase.co/storage/v1/object/public/logos/flags/1x1/cu.svg,https://wvasmffspxkdbyxrrhzc.supabase.co/storage/v1/object/public/logos/flags/4x3/cu.svg
cw,Curaçao,South America,Willemstad,https://wvasmffspxkdbyxrrhzc.supabase.co/storage/v1/object/public/logos/flags/1x1/cw.svg,https://wvasmffspxkdbyxrrhzc.supabase.co/storage/v1/object/public/logos/flags/4x3/cw.svg
cy,Cyprus,Europe,Nicosia,https://wvasmffspxkdbyxrrhzc.supabase.co/storage/v1/object/public/logos/flags/1x1/cy.svg,https://wvasmffspxkdbyxrrhzc.supabase.co/storage/v1/object/public/logos/flags/4x3/cy.svg
cz,Czech Republic,Europe,Prague,https://wvasmffspxkdbyxrrhzc.supabase.co/storage/v1/object/public/logos/flags/1x1/cz.svg,https://wvasmffspxkdbyxrrhzc.supabase.co/storage/v1/object/public/logos/flags/4x3/cz.svg
ci,Côte d'Ivoire,Africa,Yamoussoukro,https://wvasmffspxkdbyxrrhzc.supabase.co/storage/v1/object/public/logos/flags/1x1/ci.svg,https://wvasmffspxkdbyxrrhzc.supabase.co/storage/v1/object/public/logos/flags/4x3/ci.svg
cd,Democratic Republic of the Congo,Africa,Kinshasa,https://wvasmffspxkdbyxrrhzc.supabase.co/storage/v1/object/public/logos/flags/1x1/cd.svg,https://wvasmffspxkdbyxrrhzc.supabase.co/storage/v1/object/public/logos/flags/4x3/cd.svg
dk,Denmark,Europe,Copenhagen,https://wvasmffspxkdbyxrrhzc.supabase.co/storage/v1/object/public/logos/flags/1x1/dk.svg,https://wvasmffspxkdbyxrrhzc.supabase.co/storage/v1/object/public/logos/flags/4x3/dk.svg
dg,Diego Garcia,,,https://wvasmffspxkdbyxrrhzc.supabase.co/storage/v1/object/public/logos/flags/1x1/dg.svg,https://wvasmffspxkdbyxrrhzc.supabase.co/storage/v1/object/public/logos/flags/4x3/dg.svg
dj,Djibouti,Africa,Djibouti,https://wvasmffspxkdbyxrrhzc.supabase.co/storage/v1/object/public/logos/flags/1x1/dj.svg,https://wvasmffspxkdbyxrrhzc.supabase.co/storage/v1/object/public/logos/flags/4x3/dj.svg
dm,Dominica,North America,Roseau,https://wvasmffspxkdbyxrrhzc.supabase.co/storage/v1/object/public/logos/flags/1x1/dm.svg,https://wvasmffspxkdbyxrrhzc.supabase.co/storage/v1/object/public/logos/flags/4x3/dm.svg
do,Dominican Republic,North America,Santo Domingo,https://wvasmffspxkdbyxrrhzc.supabase.co/storage/v1/object/public/logos/flags/1x1/do.svg,https://wvasmffspxkdbyxrrhzc.supabase.co/storage/v1/object/public/logos/flags/4x3/do.svg
eac,East African Community,,,https://wvasmffspxkdbyxrrhzc.supabase.co/storage/v1/object/public/logos/flags/1x1/eac.svg,https://wvasmffspxkdbyxrrhzc.supabase.co/storage/v1/object/public/logos/flags/4x3/eac.svg
ec,Ecuador,South America,Quito,https://wvasmffspxkdbyxrrhzc.supabase.co/storage/v1/object/public/logos/flags/1x1/ec.svg,https://wvasmffspxkdbyxrrhzc.supabase.co/storage/v1/object/public/logos/flags/4x3/ec.svg
eg,Egypt,Africa,Cairo,https://wvasmffspxkdbyxrrhzc.supabase.co/storage/v1/object/public/logos/flags/1x1/eg.svg,https://wvasmffspxkdbyxrrhzc.supabase.co/storage/v1/object/public/logos/flags/4x3/eg.svg
sv,El Salvador,North America,San Salvador,https://wvasmffspxkdbyxrrhzc.supabase.co/storage/v1/object/public/logos/flags/1x1/sv.svg,https://wvasmffspxkdbyxrrhzc.supabase.co/storage/v1/object/public/logos/flags/4x3/sv.svg
gb-eng,England,Europe,London,https://wvasmffspxkdbyxrrhzc.supabase.co/storage/v1/object/public/logos/flags/1x1/gb-eng.svg,https://wvasmffspxkdbyxrrhzc.supabase.co/storage/v1/object/public/logos/flags/4x3/gb-eng.svg
gq,Equatorial Guinea,Africa,Malabo,https://wvasmffspxkdbyxrrhzc.supabase.co/storage/v1/object/public/logos/flags/1x1/gq.svg,https://wvasmffspxkdbyxrrhzc.supabase.co/storage/v1/object/public/logos/flags/4x3/gq.svg
er,Eritrea,Africa,Asmara,https://wvasmffspxkdbyxrrhzc.supabase.co/storage/v1/object/public/logos/flags/1x1/er.svg,https://wvasmffspxkdbyxrrhzc.supabase.co/storage/v1/object/public/logos/flags/4x3/er.svg
ee,Estonia,Europe,Tallinn,https://wvasmffspxkdbyxrrhzc.supabase.co/storage/v1/object/public/logos/flags/1x1/ee.svg,https://wvasmffspxkdbyxrrhzc.supabase.co/storage/v1/object/public/logos/flags/4x3/ee.svg
sz,Eswatini,Africa,"Lobamba, Mbabane",https://wvasmffspxkdbyxrrhzc.supabase.co/storage/v1/object/public/logos/flags/1x1/sz.svg,https://wvasmffspxkdbyxrrhzc.supabase.co/storage/v1/object/public/logos/flags/4x3/sz.svg
et,Ethiopia,Africa,Addis Ababa,https://wvasmffspxkdbyxrrhzc.supabase.co/storage/v1/object/public/logos/flags/1x1/et.svg,https://wvasmffspxkdbyxrrhzc.supabase.co/storage/v1/object/public/logos/flags/4x3/et.svg
eu,Europe,,,https://wvasmffspxkdbyxrrhzc.supabase.co/storage/v1/object/public/logos/flags/1x1/eu.svg,https://wvasmffspxkdbyxrrhzc.supabase.co/storage/v1/object/public/logos/flags/4x3/eu.svg
fk,Falkland Islands,South America,Stanley,https://wvasmffspxkdbyxrrhzc.supabase.co/storage/v1/object/public/logos/flags/1x1/fk.svg,https://wvasmffspxkdbyxrrhzc.supabase.co/storage/v1/object/public/logos/flags/4x3/fk.svg
fo,Faroe Islands,Europe,Tórshavn,https://wvasmffspxkdbyxrrhzc.supabase.co/storage/v1/object/public/logos/flags/1x1/fo.svg,https://wvasmffspxkdbyxrrhzc.supabase.co/storage/v1/object/public/logos/flags/4x3/fo.svg
fm,Federated States of Micronesia,Oceania,Palikir,https://wvasmffspxkdbyxrrhzc.supabase.co/storage/v1/object/public/logos/flags/1x1/fm.svg,https://wvasmffspxkdbyxrrhzc.supabase.co/storage/v1/object/public/logos/flags/4x3/fm.svg
fj,Fiji,Oceania,Suva,https://wvasmffspxkdbyxrrhzc.supabase.co/storage/v1/object/public/logos/flags/1x1/fj.svg,https://wvasmffspxkdbyxrrhzc.supabase.co/storage/v1/object/public/logos/flags/4x3/fj.svg
fi,Finland,Europe,Helsinki,https://wvasmffspxkdbyxrrhzc.supabase.co/storage/v1/object/public/logos/flags/1x1/fi.svg,https://wvasmffspxkdbyxrrhzc.supabase.co/storage/v1/object/public/logos/flags/4x3/fi.svg
fr,France,Europe,Paris,https://wvasmffspxkdbyxrrhzc.supabase.co/storage/v1/object/public/logos/flags/1x1/fr.svg,https://wvasmffspxkdbyxrrhzc.supabase.co/storage/v1/object/public/logos/flags/4x3/fr.svg
gf,French Guiana,South America,Cayenne,https://wvasmffspxkdbyxrrhzc.supabase.co/storage/v1/object/public/logos/flags/1x1/gf.svg,https://wvasmffspxkdbyxrrhzc.supabase.co/storage/v1/object/public/logos/flags/4x3/gf.svg
pf,French Polynesia,Oceania,Papeete,https://wvasmffspxkdbyxrrhzc.supabase.co/storage/v1/object/public/logos/flags/1x1/pf.svg,https://wvasmffspxkdbyxrrhzc.supabase.co/storage/v1/object/public/logos/flags/4x3/pf.svg
tf,French Southern Territories,Africa,"Saint-Pierre, Réunion",https://wvasmffspxkdbyxrrhzc.supabase.co/storage/v1/object/public/logos/flags/1x1/tf.svg,https://wvasmffspxkdbyxrrhzc.supabase.co/storage/v1/object/public/logos/flags/4x3/tf.svg
ga,Gabon,Africa,Libreville,https://wvasmffspxkdbyxrrhzc.supabase.co/storage/v1/object/public/logos/flags/1x1/ga.svg,https://wvasmffspxkdbyxrrhzc.supabase.co/storage/v1/object/public/logos/flags/4x3/ga.svg
es-ga,Galicia,,,https://wvasmffspxkdbyxrrhzc.supabase.co/storage/v1/object/public/logos/flags/1x1/es-ga.svg,https://wvasmffspxkdbyxrrhzc.supabase.co/storage/v1/object/public/logos/flags/4x3/es-ga.svg
gm,Gambia,Africa,Banjul,https://wvasmffspxkdbyxrrhzc.supabase.co/storage/v1/object/public/logos/flags/1x1/gm.svg,https://wvasmffspxkdbyxrrhzc.supabase.co/storage/v1/object/public/logos/flags/4x3/gm.svg
ge,Georgia,Asia,Tbilisi,https://wvasmffspxkdbyxrrhzc.supabase.co/storage/v1/object/public/logos/flags/1x1/ge.svg,https://wvasmffspxkdbyxrrhzc.supabase.co/storage/v1/object/public/logos/flags/4x3/ge.svg
de,Germany,Europe,Berlin,https://wvasmffspxkdbyxrrhzc.supabase.co/storage/v1/object/public/logos/flags/1x1/de.svg,https://wvasmffspxkdbyxrrhzc.supabase.co/storage/v1/object/public/logos/flags/4x3/de.svg
gh,Ghana,Africa,Accra,https://wvasmffspxkdbyxrrhzc.supabase.co/storage/v1/object/public/logos/flags/1x1/gh.svg,https://wvasmffspxkdbyxrrhzc.supabase.co/storage/v1/object/public/logos/flags/4x3/gh.svg
gi,Gibraltar,Europe,Gibraltar,https://wvasmffspxkdbyxrrhzc.supabase.co/storage/v1/object/public/logos/flags/1x1/gi.svg,https://wvasmffspxkdbyxrrhzc.supabase.co/storage/v1/object/public/logos/flags/4x3/gi.svg
gr,Greece,Europe,Athens,https://wvasmffspxkdbyxrrhzc.supabase.co/storage/v1/object/public/logos/flags/1x1/gr.svg,https://wvasmffspxkdbyxrrhzc.supabase.co/storage/v1/object/public/logos/flags/4x3/gr.svg
gl,Greenland,North America,Nuuk,https://wvasmffspxkdbyxrrhzc.supabase.co/storage/v1/object/public/logos/flags/1x1/gl.svg,https://wvasmffspxkdbyxrrhzc.supabase.co/storage/v1/object/public/logos/flags/4x3/gl.svg
gd,Grenada,North America,St. George's,https://wvasmffspxkdbyxrrhzc.supabase.co/storage/v1/object/public/logos/flags/1x1/gd.svg,https://wvasmffspxkdbyxrrhzc.supabase.co/storage/v1/object/public/logos/flags/4x3/gd.svg
gp,Guadeloupe,North America,Basse-Terre,https://wvasmffspxkdbyxrrhzc.supabase.co/storage/v1/object/public/logos/flags/1x1/gp.svg,https://wvasmffspxkdbyxrrhzc.supabase.co/storage/v1/object/public/logos/flags/4x3/gp.svg
gu,Guam,Oceania,Hagåtña,https://wvasmffspxkdbyxrrhzc.supabase.co/storage/v1/object/public/logos/flags/1x1/gu.svg,https://wvasmffspxkdbyxrrhzc.supabase.co/storage/v1/object/public/logos/flags/4x3/gu.svg
gt,Guatemala,North America,Guatemala City,https://wvasmffspxkdbyxrrhzc.supabase.co/storage/v1/object/public/logos/flags/1x1/gt.svg,https://wvasmffspxkdbyxrrhzc.supabase.co/storage/v1/object/public/logos/flags/4x3/gt.svg
gg,Guernsey,Europe,Saint Peter Port,https://wvasmffspxkdbyxrrhzc.supabase.co/storage/v1/object/public/logos/flags/1x1/gg.svg,https://wvasmffspxkdbyxrrhzc.supabase.co/storage/v1/object/public/logos/flags/4x3/gg.svg
gn,Guinea,Africa,Conakry,https://wvasmffspxkdbyxrrhzc.supabase.co/storage/v1/object/public/logos/flags/1x1/gn.svg,https://wvasmffspxkdbyxrrhzc.supabase.co/storage/v1/object/public/logos/flags/4x3/gn.svg
gw,Guinea-Bissau,Africa,Bissau,https://wvasmffspxkdbyxrrhzc.supabase.co/storage/v1/object/public/logos/flags/1x1/gw.svg,https://wvasmffspxkdbyxrrhzc.supabase.co/storage/v1/object/public/logos/flags/4x3/gw.svg
gy,Guyana,South America,Georgetown,https://wvasmffspxkdbyxrrhzc.supabase.co/storage/v1/object/public/logos/flags/1x1/gy.svg,https://wvasmffspxkdbyxrrhzc.supabase.co/storage/v1/object/public/logos/flags/4x3/gy.svg
ht,Haiti,North America,Port-au-Prince,https://wvasmffspxkdbyxrrhzc.supabase.co/storage/v1/object/public/logos/flags/1x1/ht.svg,https://wvasmffspxkdbyxrrhzc.supabase.co/storage/v1/object/public/logos/flags/4x3/ht.svg
hm,Heard Island and McDonald Islands,,,https://wvasmffspxkdbyxrrhzc.supabase.co/storage/v1/object/public/logos/flags/1x1/hm.svg,https://wvasmffspxkdbyxrrhzc.supabase.co/storage/v1/object/public/logos/flags/4x3/hm.svg
va,Holy See,Europe,Vatican City,https://wvasmffspxkdbyxrrhzc.supabase.co/storage/v1/object/public/logos/flags/1x1/va.svg,https://wvasmffspxkdbyxrrhzc.supabase.co/storage/v1/object/public/logos/flags/4x3/va.svg
hn,Honduras,North America,Tegucigalpa,https://wvasmffspxkdbyxrrhzc.supabase.co/storage/v1/object/public/logos/flags/1x1/hn.svg,https://wvasmffspxkdbyxrrhzc.supabase.co/storage/v1/object/public/logos/flags/4x3/hn.svg
hk,Hong Kong,Asia,Hong Kong,https://wvasmffspxkdbyxrrhzc.supabase.co/storage/v1/object/public/logos/flags/1x1/hk.svg,https://wvasmffspxkdbyxrrhzc.supabase.co/storage/v1/object/public/logos/flags/4x3/hk.svg
hu,Hungary,Europe,Budapest,https://wvasmffspxkdbyxrrhzc.supabase.co/storage/v1/object/public/logos/flags/1x1/hu.svg,https://wvasmffspxkdbyxrrhzc.supabase.co/storage/v1/object/public/logos/flags/4x3/hu.svg
is,Iceland,Europe,Reykjavik,https://wvasmffspxkdbyxrrhzc.supabase.co/storage/v1/object/public/logos/flags/1x1/is.svg,https://wvasmffspxkdbyxrrhzc.supabase.co/storage/v1/object/public/logos/flags/4x3/is.svg
in,India,Asia,New Delhi,https://wvasmffspxkdbyxrrhzc.supabase.co/storage/v1/object/public/logos/flags/1x1/in.svg,https://wvasmffspxkdbyxrrhzc.supabase.co/storage/v1/object/public/logos/flags/4x3/in.svg
id,Indonesia,Asia,Jakarta,https://wvasmffspxkdbyxrrhzc.supabase.co/storage/v1/object/public/logos/flags/1x1/id.svg,https://wvasmffspxkdbyxrrhzc.supabase.co/storage/v1/object/public/logos/flags/4x3/id.svg
ir,Iran,Asia,Tehran,https://wvasmffspxkdbyxrrhzc.supabase.co/storage/v1/object/public/logos/flags/1x1/ir.svg,https://wvasmffspxkdbyxrrhzc.supabase.co/storage/v1/object/public/logos/flags/4x3/ir.svg
iq,Iraq,Asia,Baghdad,https://wvasmffspxkdbyxrrhzc.supabase.co/storage/v1/object/public/logos/flags/1x1/iq.svg,https://wvasmffspxkdbyxrrhzc.supabase.co/storage/v1/object/public/logos/flags/4x3/iq.svg
ie,Ireland,Europe,Dublin,https://wvasmffspxkdbyxrrhzc.supabase.co/storage/v1/object/public/logos/flags/1x1/ie.svg,https://wvasmffspxkdbyxrrhzc.supabase.co/storage/v1/object/public/logos/flags/4x3/ie.svg
im,Isle of Man,Europe,Douglas,https://wvasmffspxkdbyxrrhzc.supabase.co/storage/v1/object/public/logos/flags/1x1/im.svg,https://wvasmffspxkdbyxrrhzc.supabase.co/storage/v1/object/public/logos/flags/4x3/im.svg
il,Israel,Asia,Jerusalem,https://wvasmffspxkdbyxrrhzc.supabase.co/storage/v1/object/public/logos/flags/1x1/il.svg,https://wvasmffspxkdbyxrrhzc.supabase.co/storage/v1/object/public/logos/flags/4x3/il.svg
it,Italy,Europe,Rome,https://wvasmffspxkdbyxrrhzc.supabase.co/storage/v1/object/public/logos/flags/1x1/it.svg,https://wvasmffspxkdbyxrrhzc.supabase.co/storage/v1/object/public/logos/flags/4x3/it.svg
jm,Jamaica,North America,Kingston,https://wvasmffspxkdbyxrrhzc.supabase.co/storage/v1/object/public/logos/flags/1x1/jm.svg,https://wvasmffspxkdbyxrrhzc.supabase.co/storage/v1/object/public/logos/flags/4x3/jm.svg
jp,Japan,Asia,Tokyo,https://wvasmffspxkdbyxrrhzc.supabase.co/storage/v1/object/public/logos/flags/1x1/jp.svg,https://wvasmffspxkdbyxrrhzc.supabase.co/storage/v1/object/public/logos/flags/4x3/jp.svg
je,Jersey,Europe,Saint Helier,https://wvasmffspxkdbyxrrhzc.supabase.co/storage/v1/object/public/logos/flags/1x1/je.svg,https://wvasmffspxkdbyxrrhzc.supabase.co/storage/v1/object/public/logos/flags/4x3/je.svg
jo,Jordan,Asia,Amman,https://wvasmffspxkdbyxrrhzc.supabase.co/storage/v1/object/public/logos/flags/1x1/jo.svg,https://wvasmffspxkdbyxrrhzc.supabase.co/storage/v1/object/public/logos/flags/4x3/jo.svg
kz,Kazakhstan,Asia,Astana,https://wvasmffspxkdbyxrrhzc.supabase.co/storage/v1/object/public/logos/flags/1x1/kz.svg,https://wvasmffspxkdbyxrrhzc.supabase.co/storage/v1/object/public/logos/flags/4x3/kz.svg
ke,Kenya,Africa,Nairobi,https://wvasmffspxkdbyxrrhzc.supabase.co/storage/v1/object/public/logos/flags/1x1/ke.svg,https://wvasmffspxkdbyxrrhzc.supabase.co/storage/v1/object/public/logos/flags/4x3/ke.svg
ki,Kiribati,Oceania,South Tarawa,https://wvasmffspxkdbyxrrhzc.supabase.co/storage/v1/object/public/logos/flags/1x1/ki.svg,https://wvasmffspxkdbyxrrhzc.supabase.co/storage/v1/object/public/logos/flags/4x3/ki.svg
xk,Kosovo,Europe,Pristina,https://wvasmffspxkdbyxrrhzc.supabase.co/storage/v1/object/public/logos/flags/1x1/xk.svg,https://wvasmffspxkdbyxrrhzc.supabase.co/storage/v1/object/public/logos/flags/4x3/xk.svg
kw,Kuwait,Asia,Kuwait City,https://wvasmffspxkdbyxrrhzc.supabase.co/storage/v1/object/public/logos/flags/1x1/kw.svg,https://wvasmffspxkdbyxrrhzc.supabase.co/storage/v1/object/public/logos/flags/4x3/kw.svg
kg,Kyrgyzstan,Asia,Bishkek,https://wvasmffspxkdbyxrrhzc.supabase.co/storage/v1/object/public/logos/flags/1x1/kg.svg,https://wvasmffspxkdbyxrrhzc.supabase.co/storage/v1/object/public/logos/flags/4x3/kg.svg
la,Laos,Asia,Vientiane,https://wvasmffspxkdbyxrrhzc.supabase.co/storage/v1/object/public/logos/flags/1x1/la.svg,https://wvasmffspxkdbyxrrhzc.supabase.co/storage/v1/object/public/logos/flags/4x3/la.svg
lv,Latvia,Europe,Riga,https://wvasmffspxkdbyxrrhzc.supabase.co/storage/v1/object/public/logos/flags/1x1/lv.svg,https://wvasmffspxkdbyxrrhzc.supabase.co/storage/v1/object/public/logos/flags/4x3/lv.svg
arab,League of Arab States,,,https://wvasmffspxkdbyxrrhzc.supabase.co/storage/v1/object/public/logos/flags/1x1/arab.svg,https://wvasmffspxkdbyxrrhzc.supabase.co/storage/v1/object/public/logos/flags/4x3/arab.svg
lb,Lebanon,Asia,Beirut,https://wvasmffspxkdbyxrrhzc.supabase.co/storage/v1/object/public/logos/flags/1x1/lb.svg,https://wvasmffspxkdbyxrrhzc.supabase.co/storage/v1/object/public/logos/flags/4x3/lb.svg
ls,Lesotho,Africa,Maseru,https://wvasmffspxkdbyxrrhzc.supabase.co/storage/v1/object/public/logos/flags/1x1/ls.svg,https://wvasmffspxkdbyxrrhzc.supabase.co/storage/v1/object/public/logos/flags/4x3/ls.svg
lr,Liberia,Africa,Monrovia,https://wvasmffspxkdbyxrrhzc.supabase.co/storage/v1/object/public/logos/flags/1x1/lr.svg,https://wvasmffspxkdbyxrrhzc.supabase.co/storage/v1/object/public/logos/flags/4x3/lr.svg
ly,Libya,Africa,Tripoli,https://wvasmffspxkdbyxrrhzc.supabase.co/storage/v1/object/public/logos/flags/1x1/ly.svg,https://wvasmffspxkdbyxrrhzc.supabase.co/storage/v1/object/public/logos/flags/4x3/ly.svg
li,Liechtenstein,Europe,Vaduz,https://wvasmffspxkdbyxrrhzc.supabase.co/storage/v1/object/public/logos/flags/1x1/li.svg,https://wvasmffspxkdbyxrrhzc.supabase.co/storage/v1/object/public/logos/flags/4x3/li.svg
lt,Lithuania,Europe,Vilnius,https://wvasmffspxkdbyxrrhzc.supabase.co/storage/v1/object/public/logos/flags/1x1/lt.svg,https://wvasmffspxkdbyxrrhzc.supabase.co/storage/v1/object/public/logos/flags/4x3/lt.svg
lu,Luxembourg,Europe,Luxembourg City,https://wvasmffspxkdbyxrrhzc.supabase.co/storage/v1/object/public/logos/flags/1x1/lu.svg,https://wvasmffspxkdbyxrrhzc.supabase.co/storage/v1/object/public/logos/flags/4x3/lu.svg
mo,Macau,Asia,Macau,https://wvasmffspxkdbyxrrhzc.supabase.co/storage/v1/object/public/logos/flags/1x1/mo.svg,https://wvasmffspxkdbyxrrhzc.supabase.co/storage/v1/object/public/logos/flags/4x3/mo.svg
mg,Madagascar,Africa,Antananarivo,https://wvasmffspxkdbyxrrhzc.supabase.co/storage/v1/object/public/logos/flags/1x1/mg.svg,https://wvasmffspxkdbyxrrhzc.supabase.co/storage/v1/object/public/logos/flags/4x3/mg.svg
mw,Malawi,Africa,Lilongwe,https://wvasmffspxkdbyxrrhzc.supabase.co/storage/v1/object/public/logos/flags/1x1/mw.svg,https://wvasmffspxkdbyxrrhzc.supabase.co/storage/v1/object/public/logos/flags/4x3/mw.svg
my,Malaysia,Asia,Kuala Lumpur,https://wvasmffspxkdbyxrrhzc.supabase.co/storage/v1/object/public/logos/flags/1x1/my.svg,https://wvasmffspxkdbyxrrhzc.supabase.co/storage/v1/object/public/logos/flags/4x3/my.svg
mv,Maldives,Asia,Malé,https://wvasmffspxkdbyxrrhzc.supabase.co/storage/v1/object/public/logos/flags/1x1/mv.svg,https://wvasmffspxkdbyxrrhzc.supabase.co/storage/v1/object/public/logos/flags/4x3/mv.svg
ml,Mali,Africa,Bamako,https://wvasmffspxkdbyxrrhzc.supabase.co/storage/v1/object/public/logos/flags/1x1/ml.svg,https://wvasmffspxkdbyxrrhzc.supabase.co/storage/v1/object/public/logos/flags/4x3/ml.svg
mt,Malta,Europe,Valletta,https://wvasmffspxkdbyxrrhzc.supabase.co/storage/v1/object/public/logos/flags/1x1/mt.svg,https://wvasmffspxkdbyxrrhzc.supabase.co/storage/v1/object/public/logos/flags/4x3/mt.svg
mh,Marshall Islands,Oceania,Majuro,https://wvasmffspxkdbyxrrhzc.supabase.co/storage/v1/object/public/logos/flags/1x1/mh.svg,https://wvasmffspxkdbyxrrhzc.supabase.co/storage/v1/object/public/logos/flags/4x3/mh.svg
mq,Martinique,North America,Fort-de-France,https://wvasmffspxkdbyxrrhzc.supabase.co/storage/v1/object/public/logos/flags/1x1/mq.svg,https://wvasmffspxkdbyxrrhzc.supabase.co/storage/v1/object/public/logos/flags/4x3/mq.svg
mr,Mauritania,Africa,Nouakchott,https://wvasmffspxkdbyxrrhzc.supabase.co/storage/v1/object/public/logos/flags/1x1/mr.svg,https://wvasmffspxkdbyxrrhzc.supabase.co/storage/v1/object/public/logos/flags/4x3/mr.svg
mu,Mauritius,Africa,Port Louis,https://wvasmffspxkdbyxrrhzc.supabase.co/storage/v1/object/public/logos/flags/1x1/mu.svg,https://wvasmffspxkdbyxrrhzc.supabase.co/storage/v1/object/public/logos/flags/4x3/mu.svg
yt,Mayotte,Africa,Mamoudzou,https://wvasmffspxkdbyxrrhzc.supabase.co/storage/v1/object/public/logos/flags/1x1/yt.svg,https://wvasmffspxkdbyxrrhzc.supabase.co/storage/v1/object/public/logos/flags/4x3/yt.svg
mx,Mexico,North America,Mexico City,https://wvasmffspxkdbyxrrhzc.supabase.co/storage/v1/object/public/logos/flags/1x1/mx.svg,https://wvasmffspxkdbyxrrhzc.supabase.co/storage/v1/object/public/logos/flags/4x3/mx.svg
md,Moldova,Europe,Chișinău,https://wvasmffspxkdbyxrrhzc.supabase.co/storage/v1/object/public/logos/flags/1x1/md.svg,https://wvasmffspxkdbyxrrhzc.supabase.co/storage/v1/object/public/logos/flags/4x3/md.svg
mc,Monaco,Europe,Monaco,https://wvasmffspxkdbyxrrhzc.supabase.co/storage/v1/object/public/logos/flags/1x1/mc.svg,https://wvasmffspxkdbyxrrhzc.supabase.co/storage/v1/object/public/logos/flags/4x3/mc.svg
mn,Mongolia,Asia,Ulaanbaatar,https://wvasmffspxkdbyxrrhzc.supabase.co/storage/v1/object/public/logos/flags/1x1/mn.svg,https://wvasmffspxkdbyxrrhzc.supabase.co/storage/v1/object/public/logos/flags/4x3/mn.svg
me,Montenegro,Europe,Podgorica,https://wvasmffspxkdbyxrrhzc.supabase.co/storage/v1/object/public/logos/flags/1x1/me.svg,https://wvasmffspxkdbyxrrhzc.supabase.co/storage/v1/object/public/logos/flags/4x3/me.svg
ms,Montserrat,North America,"Little Bay, Brades, Plymouth",https://wvasmffspxkdbyxrrhzc.supabase.co/storage/v1/object/public/logos/flags/1x1/ms.svg,https://wvasmffspxkdbyxrrhzc.supabase.co/storage/v1/object/public/logos/flags/4x3/ms.svg
ma,Morocco,Africa,Rabat,https://wvasmffspxkdbyxrrhzc.supabase.co/storage/v1/object/public/logos/flags/1x1/ma.svg,https://wvasmffspxkdbyxrrhzc.supabase.co/storage/v1/object/public/logos/flags/4x3/ma.svg
mz,Mozambique,Africa,Maputo,https://wvasmffspxkdbyxrrhzc.supabase.co/storage/v1/object/public/logos/flags/1x1/mz.svg,https://wvasmffspxkdbyxrrhzc.supabase.co/storage/v1/object/public/logos/flags/4x3/mz.svg
mm,Myanmar,Asia,Naypyidaw,https://wvasmffspxkdbyxrrhzc.supabase.co/storage/v1/object/public/logos/flags/1x1/mm.svg,https://wvasmffspxkdbyxrrhzc.supabase.co/storage/v1/object/public/logos/flags/4x3/mm.svg
na,Namibia,Africa,Windhoek,https://wvasmffspxkdbyxrrhzc.supabase.co/storage/v1/object/public/logos/flags/1x1/na.svg,https://wvasmffspxkdbyxrrhzc.supabase.co/storage/v1/object/public/logos/flags/4x3/na.svg
nr,Nauru,Oceania,Yaren District,https://wvasmffspxkdbyxrrhzc.supabase.co/storage/v1/object/public/logos/flags/1x1/nr.svg,https://wvasmffspxkdbyxrrhzc.supabase.co/storage/v1/object/public/logos/flags/4x3/nr.svg
np,Nepal,Asia,Kathmandu,https://wvasmffspxkdbyxrrhzc.supabase.co/storage/v1/object/public/logos/flags/1x1/np.svg,https://wvasmffspxkdbyxrrhzc.supabase.co/storage/v1/object/public/logos/flags/4x3/np.svg
nl,Netherlands,Europe,Amsterdam,https://wvasmffspxkdbyxrrhzc.supabase.co/storage/v1/object/public/logos/flags/1x1/nl.svg,https://wvasmffspxkdbyxrrhzc.supabase.co/storage/v1/object/public/logos/flags/4x3/nl.svg
nc,New Caledonia,Oceania,Nouméa,https://wvasmffspxkdbyxrrhzc.supabase.co/storage/v1/object/public/logos/flags/1x1/nc.svg,https://wvasmffspxkdbyxrrhzc.supabase.co/storage/v1/object/public/logos/flags/4x3/nc.svg
nz,New Zealand,Oceania,Wellington,https://wvasmffspxkdbyxrrhzc.supabase.co/storage/v1/object/public/logos/flags/1x1/nz.svg,https://wvasmffspxkdbyxrrhzc.supabase.co/storage/v1/object/public/logos/flags/4x3/nz.svg
ni,Nicaragua,North America,Managua,https://wvasmffspxkdbyxrrhzc.supabase.co/storage/v1/object/public/logos/flags/1x1/ni.svg,https://wvasmffspxkdbyxrrhzc.supabase.co/storage/v1/object/public/logos/flags/4x3/ni.svg
ne,Niger,Africa,Niamey,https://wvasmffspxkdbyxrrhzc.supabase.co/storage/v1/object/public/logos/flags/1x1/ne.svg,https://wvasmffspxkdbyxrrhzc.supabase.co/storage/v1/object/public/logos/flags/4x3/ne.svg
ng,Nigeria,Africa,Abuja,https://wvasmffspxkdbyxrrhzc.supabase.co/storage/v1/object/public/logos/flags/1x1/ng.svg,https://wvasmffspxkdbyxrrhzc.supabase.co/storage/v1/object/public/logos/flags/4x3/ng.svg
nu,Niue,Oceania,Alofi,https://wvasmffspxkdbyxrrhzc.supabase.co/storage/v1/object/public/logos/flags/1x1/nu.svg,https://wvasmffspxkdbyxrrhzc.supabase.co/storage/v1/object/public/logos/flags/4x3/nu.svg
nf,Norfolk Island,Oceania,Kingston,https://wvasmffspxkdbyxrrhzc.supabase.co/storage/v1/object/public/logos/flags/1x1/nf.svg,https://wvasmffspxkdbyxrrhzc.supabase.co/storage/v1/object/public/logos/flags/4x3/nf.svg
kp,North Korea,Asia,Pyongyang,https://wvasmffspxkdbyxrrhzc.supabase.co/storage/v1/object/public/logos/flags/1x1/kp.svg,https://wvasmffspxkdbyxrrhzc.supabase.co/storage/v1/object/public/logos/flags/4x3/kp.svg
mk,North Macedonia,Europe,Skopje,https://wvasmffspxkdbyxrrhzc.supabase.co/storage/v1/object/public/logos/flags/1x1/mk.svg,https://wvasmffspxkdbyxrrhzc.supabase.co/storage/v1/object/public/logos/flags/4x3/mk.svg
gb-nir,Northern Ireland,Europe,Belfast,https://wvasmffspxkdbyxrrhzc.supabase.co/storage/v1/object/public/logos/flags/1x1/gb-nir.svg,https://wvasmffspxkdbyxrrhzc.supabase.co/storage/v1/object/public/logos/flags/4x3/gb-nir.svg
mp,Northern Mariana Islands,Oceania,Saipan,https://wvasmffspxkdbyxrrhzc.supabase.co/storage/v1/object/public/logos/flags/1x1/mp.svg,https://wvasmffspxkdbyxrrhzc.supabase.co/storage/v1/object/public/logos/flags/4x3/mp.svg
no,Norway,Europe,Oslo,https://wvasmffspxkdbyxrrhzc.supabase.co/storage/v1/object/public/logos/flags/1x1/no.svg,https://wvasmffspxkdbyxrrhzc.supabase.co/storage/v1/object/public/logos/flags/4x3/no.svg
om,Oman,Asia,Muscat,https://wvasmffspxkdbyxrrhzc.supabase.co/storage/v1/object/public/logos/flags/1x1/om.svg,https://wvasmffspxkdbyxrrhzc.supabase.co/storage/v1/object/public/logos/flags/4x3/om.svg
pc,Pacific Community,,,https://wvasmffspxkdbyxrrhzc.supabase.co/storage/v1/object/public/logos/flags/1x1/pc.svg,https://wvasmffspxkdbyxrrhzc.supabase.co/storage/v1/object/public/logos/flags/4x3/pc.svg
pk,Pakistan,Asia,Islamabad,https://wvasmffspxkdbyxrrhzc.supabase.co/storage/v1/object/public/logos/flags/1x1/pk.svg,https://wvasmffspxkdbyxrrhzc.supabase.co/storage/v1/object/public/logos/flags/4x3/pk.svg
pw,Palau,Oceania,Ngerulmud,https://wvasmffspxkdbyxrrhzc.supabase.co/storage/v1/object/public/logos/flags/1x1/pw.svg,https://wvasmffspxkdbyxrrhzc.supabase.co/storage/v1/object/public/logos/flags/4x3/pw.svg
pa,Panama,North America,Panama City,https://wvasmffspxkdbyxrrhzc.supabase.co/storage/v1/object/public/logos/flags/1x1/pa.svg,https://wvasmffspxkdbyxrrhzc.supabase.co/storage/v1/object/public/logos/flags/4x3/pa.svg
pg,Papua New Guinea,Oceania,Port Moresby,https://wvasmffspxkdbyxrrhzc.supabase.co/storage/v1/object/public/logos/flags/1x1/pg.svg,https://wvasmffspxkdbyxrrhzc.supabase.co/storage/v1/object/public/logos/flags/4x3/pg.svg
py,Paraguay,South America,Asunción,https://wvasmffspxkdbyxrrhzc.supabase.co/storage/v1/object/public/logos/flags/1x1/py.svg,https://wvasmffspxkdbyxrrhzc.supabase.co/storage/v1/object/public/logos/flags/4x3/py.svg
pe,Peru,South America,Lima,https://wvasmffspxkdbyxrrhzc.supabase.co/storage/v1/object/public/logos/flags/1x1/pe.svg,https://wvasmffspxkdbyxrrhzc.supabase.co/storage/v1/object/public/logos/flags/4x3/pe.svg
ph,Philippines,Asia,Manila,https://wvasmffspxkdbyxrrhzc.supabase.co/storage/v1/object/public/logos/flags/1x1/ph.svg,https://wvasmffspxkdbyxrrhzc.supabase.co/storage/v1/object/public/logos/flags/4x3/ph.svg
pn,Pitcairn,Oceania,Adamstown,https://wvasmffspxkdbyxrrhzc.supabase.co/storage/v1/object/public/logos/flags/1x1/pn.svg,https://wvasmffspxkdbyxrrhzc.supabase.co/storage/v1/object/public/logos/flags/4x3/pn.svg
pl,Poland,Europe,Warsaw,https://wvasmffspxkdbyxrrhzc.supabase.co/storage/v1/object/public/logos/flags/1x1/pl.svg,https://wvasmffspxkdbyxrrhzc.supabase.co/storage/v1/object/public/logos/flags/4x3/pl.svg
pt,Portugal,Europe,Lisbon,https://wvasmffspxkdbyxrrhzc.supabase.co/storage/v1/object/public/logos/flags/1x1/pt.svg,https://wvasmffspxkdbyxrrhzc.supabase.co/storage/v1/object/public/logos/flags/4x3/pt.svg
pr,Puerto Rico,North America,San Juan,https://wvasmffspxkdbyxrrhzc.supabase.co/storage/v1/object/public/logos/flags/1x1/pr.svg,https://wvasmffspxkdbyxrrhzc.supabase.co/storage/v1/object/public/logos/flags/4x3/pr.svg
qa,Qatar,Asia,Doha,https://wvasmffspxkdbyxrrhzc.supabase.co/storage/v1/object/public/logos/flags/1x1/qa.svg,https://wvasmffspxkdbyxrrhzc.supabase.co/storage/v1/object/public/logos/flags/4x3/qa.svg
cg,Republic of the Congo,Africa,Brazzaville,https://wvasmffspxkdbyxrrhzc.supabase.co/storage/v1/object/public/logos/flags/1x1/cg.svg,https://wvasmffspxkdbyxrrhzc.supabase.co/storage/v1/object/public/logos/flags/4x3/cg.svg
ro,Romania,Europe,Bucharest,https://wvasmffspxkdbyxrrhzc.supabase.co/storage/v1/object/public/logos/flags/1x1/ro.svg,https://wvasmffspxkdbyxrrhzc.supabase.co/storage/v1/object/public/logos/flags/4x3/ro.svg
ru,Russia,Europe,Moscow,https://wvasmffspxkdbyxrrhzc.supabase.co/storage/v1/object/public/logos/flags/1x1/ru.svg,https://wvasmffspxkdbyxrrhzc.supabase.co/storage/v1/object/public/logos/flags/4x3/ru.svg
rw,Rwanda,Africa,Kigali,https://wvasmffspxkdbyxrrhzc.supabase.co/storage/v1/object/public/logos/flags/1x1/rw.svg,https://wvasmffspxkdbyxrrhzc.supabase.co/storage/v1/object/public/logos/flags/4x3/rw.svg
re,Réunion,Africa,Saint-Denis,https://wvasmffspxkdbyxrrhzc.supabase.co/storage/v1/object/public/logos/flags/1x1/re.svg,https://wvasmffspxkdbyxrrhzc.supabase.co/storage/v1/object/public/logos/flags/4x3/re.svg
bl,Saint Barthélemy,North America,Gustavia,https://wvasmffspxkdbyxrrhzc.supabase.co/storage/v1/object/public/logos/flags/1x1/bl.svg,https://wvasmffspxkdbyxrrhzc.supabase.co/storage/v1/object/public/logos/flags/4x3/bl.svg
sh-hl,Saint Helena,Africa,Jamestown,https://wvasmffspxkdbyxrrhzc.supabase.co/storage/v1/object/public/logos/flags/1x1/sh-hl.svg,https://wvasmffspxkdbyxrrhzc.supabase.co/storage/v1/object/public/logos/flags/4x3/sh-hl.svg
sh,"Saint Helena, Ascension and Tristan da Cunha",Africa,Jamestown,https://wvasmffspxkdbyxrrhzc.supabase.co/storage/v1/object/public/logos/flags/1x1/sh.svg,https://wvasmffspxkdbyxrrhzc.supabase.co/storage/v1/object/public/logos/flags/4x3/sh.svg
kn,Saint Kitts and Nevis,North America,Basseterre,https://wvasmffspxkdbyxrrhzc.supabase.co/storage/v1/object/public/logos/flags/1x1/kn.svg,https://wvasmffspxkdbyxrrhzc.supabase.co/storage/v1/object/public/logos/flags/4x3/kn.svg
lc,Saint Lucia,North America,Castries,https://wvasmffspxkdbyxrrhzc.supabase.co/storage/v1/object/public/logos/flags/1x1/lc.svg,https://wvasmffspxkdbyxrrhzc.supabase.co/storage/v1/object/public/logos/flags/4x3/lc.svg
mf,Saint Martin,North America,Marigot,https://wvasmffspxkdbyxrrhzc.supabase.co/storage/v1/object/public/logos/flags/1x1/mf.svg,https://wvasmffspxkdbyxrrhzc.supabase.co/storage/v1/object/public/logos/flags/4x3/mf.svg
pm,Saint Pierre and Miquelon,North America,Saint-Pierre,https://wvasmffspxkdbyxrrhzc.supabase.co/storage/v1/object/public/logos/flags/1x1/pm.svg,https://wvasmffspxkdbyxrrhzc.supabase.co/storage/v1/object/public/logos/flags/4x3/pm.svg
vc,Saint Vincent and the Grenadines,North America,Kingstown,https://wvasmffspxkdbyxrrhzc.supabase.co/storage/v1/object/public/logos/flags/1x1/vc.svg,https://wvasmffspxkdbyxrrhzc.supabase.co/storage/v1/object/public/logos/flags/4x3/vc.svg
ws,Samoa,Oceania,Apia,https://wvasmffspxkdbyxrrhzc.supabase.co/storage/v1/object/public/logos/flags/1x1/ws.svg,https://wvasmffspxkdbyxrrhzc.supabase.co/storage/v1/object/public/logos/flags/4x3/ws.svg
sm,San Marino,Europe,San Marino,https://wvasmffspxkdbyxrrhzc.supabase.co/storage/v1/object/public/logos/flags/1x1/sm.svg,https://wvasmffspxkdbyxrrhzc.supabase.co/storage/v1/object/public/logos/flags/4x3/sm.svg
st,Sao Tome and Principe,Africa,São Tomé,https://wvasmffspxkdbyxrrhzc.supabase.co/storage/v1/object/public/logos/flags/1x1/st.svg,https://wvasmffspxkdbyxrrhzc.supabase.co/storage/v1/object/public/logos/flags/4x3/st.svg
sa,Saudi Arabia,Asia,Riyadh,https://wvasmffspxkdbyxrrhzc.supabase.co/storage/v1/object/public/logos/flags/1x1/sa.svg,https://wvasmffspxkdbyxrrhzc.supabase.co/storage/v1/object/public/logos/flags/4x3/sa.svg
gb-sct,Scotland,Europe,Edinburgh,https://wvasmffspxkdbyxrrhzc.supabase.co/storage/v1/object/public/logos/flags/1x1/gb-sct.svg,https://wvasmffspxkdbyxrrhzc.supabase.co/storage/v1/object/public/logos/flags/4x3/gb-sct.svg
sn,Senegal,Africa,Dakar,https://wvasmffspxkdbyxrrhzc.supabase.co/storage/v1/object/public/logos/flags/1x1/sn.svg,https://wvasmffspxkdbyxrrhzc.supabase.co/storage/v1/object/public/logos/flags/4x3/sn.svg
rs,Serbia,Europe,Belgrade,https://wvasmffspxkdbyxrrhzc.supabase.co/storage/v1/object/public/logos/flags/1x1/rs.svg,https://wvasmffspxkdbyxrrhzc.supabase.co/storage/v1/object/public/logos/flags/4x3/rs.svg
sc,Seychelles,Africa,Victoria,https://wvasmffspxkdbyxrrhzc.supabase.co/storage/v1/object/public/logos/flags/1x1/sc.svg,https://wvasmffspxkdbyxrrhzc.supabase.co/storage/v1/object/public/logos/flags/4x3/sc.svg
sl,Sierra Leone,Africa,Freetown,https://wvasmffspxkdbyxrrhzc.supabase.co/storage/v1/object/public/logos/flags/1x1/sl.svg,https://wvasmffspxkdbyxrrhzc.supabase.co/storage/v1/object/public/logos/flags/4x3/sl.svg
sg,Singapore,Asia,Singapore,https://wvasmffspxkdbyxrrhzc.supabase.co/storage/v1/object/public/logos/flags/1x1/sg.svg,https://wvasmffspxkdbyxrrhzc.supabase.co/storage/v1/object/public/logos/flags/4x3/sg.svg
sx,Sint Maarten,North America,Philipsburg,https://wvasmffspxkdbyxrrhzc.supabase.co/storage/v1/object/public/logos/flags/1x1/sx.svg,https://wvasmffspxkdbyxrrhzc.supabase.co/storage/v1/object/public/logos/flags/4x3/sx.svg
sk,Slovakia,Europe,Bratislava,https://wvasmffspxkdbyxrrhzc.supabase.co/storage/v1/object/public/logos/flags/1x1/sk.svg,https://wvasmffspxkdbyxrrhzc.supabase.co/storage/v1/object/public/logos/flags/4x3/sk.svg
si,Slovenia,Europe,Ljubljana,https://wvasmffspxkdbyxrrhzc.supabase.co/storage/v1/object/public/logos/flags/1x1/si.svg,https://wvasmffspxkdbyxrrhzc.supabase.co/storage/v1/object/public/logos/flags/4x3/si.svg
sb,Solomon Islands,Oceania,Honiara,https://wvasmffspxkdbyxrrhzc.supabase.co/storage/v1/object/public/logos/flags/1x1/sb.svg,https://wvasmffspxkdbyxrrhzc.supabase.co/storage/v1/object/public/logos/flags/4x3/sb.svg
so,Somalia,Africa,Mogadishu,https://wvasmffspxkdbyxrrhzc.supabase.co/storage/v1/object/public/logos/flags/1x1/so.svg,https://wvasmffspxkdbyxrrhzc.supabase.co/storage/v1/object/public/logos/flags/4x3/so.svg
za,South Africa,Africa,Pretoria,https://wvasmffspxkdbyxrrhzc.supabase.co/storage/v1/object/public/logos/flags/1x1/za.svg,https://wvasmffspxkdbyxrrhzc.supabase.co/storage/v1/object/public/logos/flags/4x3/za.svg
gs,South Georgia and the South Sandwich Islands,Antarctica,King Edward Point,https://wvasmffspxkdbyxrrhzc.supabase.co/storage/v1/object/public/logos/flags/1x1/gs.svg,https://wvasmffspxkdbyxrrhzc.supabase.co/storage/v1/object/public/logos/flags/4x3/gs.svg
kr,South Korea,Asia,Seoul,https://wvasmffspxkdbyxrrhzc.supabase.co/storage/v1/object/public/logos/flags/1x1/kr.svg,https://wvasmffspxkdbyxrrhzc.supabase.co/storage/v1/object/public/logos/flags/4x3/kr.svg
ss,South Sudan,Africa,Juba,https://wvasmffspxkdbyxrrhzc.supabase.co/storage/v1/object/public/logos/flags/1x1/ss.svg,https://wvasmffspxkdbyxrrhzc.supabase.co/storage/v1/object/public/logos/flags/4x3/ss.svg
es,Spain,Europe,Madrid,https://wvasmffspxkdbyxrrhzc.supabase.co/storage/v1/object/public/logos/flags/1x1/es.svg,https://wvasmffspxkdbyxrrhzc.supabase.co/storage/v1/object/public/logos/flags/4x3/es.svg
lk,Sri Lanka,Asia,"Sri Jayawardenepura Kotte, Colombo",https://wvasmffspxkdbyxrrhzc.supabase.co/storage/v1/object/public/logos/flags/1x1/lk.svg,https://wvasmffspxkdbyxrrhzc.supabase.co/storage/v1/object/public/logos/flags/4x3/lk.svg
ps,State of Palestine,Asia,Ramallah,https://wvasmffspxkdbyxrrhzc.supabase.co/storage/v1/object/public/logos/flags/1x1/ps.svg,https://wvasmffspxkdbyxrrhzc.supabase.co/storage/v1/object/public/logos/flags/4x3/ps.svg
sd,Sudan,Africa,Khartoum,https://wvasmffspxkdbyxrrhzc.supabase.co/storage/v1/object/public/logos/flags/1x1/sd.svg,https://wvasmffspxkdbyxrrhzc.supabase.co/storage/v1/object/public/logos/flags/4x3/sd.svg
sr,Suriname,South America,Paramaribo,https://wvasmffspxkdbyxrrhzc.supabase.co/storage/v1/object/public/logos/flags/1x1/sr.svg,https://wvasmffspxkdbyxrrhzc.supabase.co/storage/v1/object/public/logos/flags/4x3/sr.svg
sj,Svalbard and Jan Mayen,Europe,Longyearbyen,https://wvasmffspxkdbyxrrhzc.supabase.co/storage/v1/object/public/logos/flags/1x1/sj.svg,https://wvasmffspxkdbyxrrhzc.supabase.co/storage/v1/object/public/logos/flags/4x3/sj.svg
se,Sweden,Europe,Stockholm,https://wvasmffspxkdbyxrrhzc.supabase.co/storage/v1/object/public/logos/flags/1x1/se.svg,https://wvasmffspxkdbyxrrhzc.supabase.co/storage/v1/object/public/logos/flags/4x3/se.svg
ch,Switzerland,Europe,Bern,https://wvasmffspxkdbyxrrhzc.supabase.co/storage/v1/object/public/logos/flags/1x1/ch.svg,https://wvasmffspxkdbyxrrhzc.supabase.co/storage/v1/object/public/logos/flags/4x3/ch.svg
sy,Syria,Asia,Damascus,https://wvasmffspxkdbyxrrhzc.supabase.co/storage/v1/object/public/logos/flags/1x1/sy.svg,https://wvasmffspxkdbyxrrhzc.supabase.co/storage/v1/object/public/logos/flags/4x3/sy.svg
tw,Taiwan,Asia,Taipei,https://wvasmffspxkdbyxrrhzc.supabase.co/storage/v1/object/public/logos/flags/1x1/tw.svg,https://wvasmffspxkdbyxrrhzc.supabase.co/storage/v1/object/public/logos/flags/4x3/tw.svg
tj,Tajikistan,Asia,Dushanbe,https://wvasmffspxkdbyxrrhzc.supabase.co/storage/v1/object/public/logos/flags/1x1/tj.svg,https://wvasmffspxkdbyxrrhzc.supabase.co/storage/v1/object/public/logos/flags/4x3/tj.svg
tz,Tanzania,Africa,Dodoma,https://wvasmffspxkdbyxrrhzc.supabase.co/storage/v1/object/public/logos/flags/1x1/tz.svg,https://wvasmffspxkdbyxrrhzc.supabase.co/storage/v1/object/public/logos/flags/4x3/tz.svg
th,Thailand,Asia,Bangkok,https://wvasmffspxkdbyxrrhzc.supabase.co/storage/v1/object/public/logos/flags/1x1/th.svg,https://wvasmffspxkdbyxrrhzc.supabase.co/storage/v1/object/public/logos/flags/4x3/th.svg
tl,Timor-Leste,Asia,Dili,https://wvasmffspxkdbyxrrhzc.supabase.co/storage/v1/object/public/logos/flags/1x1/tl.svg,https://wvasmffspxkdbyxrrhzc.supabase.co/storage/v1/object/public/logos/flags/4x3/tl.svg
tg,Togo,Africa,Lomé,https://wvasmffspxkdbyxrrhzc.supabase.co/storage/v1/object/public/logos/flags/1x1/tg.svg,https://wvasmffspxkdbyxrrhzc.supabase.co/storage/v1/object/public/logos/flags/4x3/tg.svg
tk,Tokelau,Oceania,"Nukunonu, Atafu,Tokelau",https://wvasmffspxkdbyxrrhzc.supabase.co/storage/v1/object/public/logos/flags/1x1/tk.svg,https://wvasmffspxkdbyxrrhzc.supabase.co/storage/v1/object/public/logos/flags/4x3/tk.svg
to,Tonga,Oceania,Nukuʻalofa,https://wvasmffspxkdbyxrrhzc.supabase.co/storage/v1/object/public/logos/flags/1x1/to.svg,https://wvasmffspxkdbyxrrhzc.supabase.co/storage/v1/object/public/logos/flags/4x3/to.svg
tt,Trinidad and Tobago,South America,Port of Spain,https://wvasmffspxkdbyxrrhzc.supabase.co/storage/v1/object/public/logos/flags/1x1/tt.svg,https://wvasmffspxkdbyxrrhzc.supabase.co/storage/v1/object/public/logos/flags/4x3/tt.svg
sh-ta,Tristan da Cunha,Africa,Edinburgh of the Seven Seas,https://wvasmffspxkdbyxrrhzc.supabase.co/storage/v1/object/public/logos/flags/1x1/sh-ta.svg,https://wvasmffspxkdbyxrrhzc.supabase.co/storage/v1/object/public/logos/flags/4x3/sh-ta.svg
tn,Tunisia,Africa,Tunis,https://wvasmffspxkdbyxrrhzc.supabase.co/storage/v1/object/public/logos/flags/1x1/tn.svg,https://wvasmffspxkdbyxrrhzc.supabase.co/storage/v1/object/public/logos/flags/4x3/tn.svg
tm,Turkmenistan,Asia,Ashgabat,https://wvasmffspxkdbyxrrhzc.supabase.co/storage/v1/object/public/logos/flags/1x1/tm.svg,https://wvasmffspxkdbyxrrhzc.supabase.co/storage/v1/object/public/logos/flags/4x3/tm.svg
tc,Turks and Caicos Islands,North America,Cockburn Town,https://wvasmffspxkdbyxrrhzc.supabase.co/storage/v1/object/public/logos/flags/1x1/tc.svg,https://wvasmffspxkdbyxrrhzc.supabase.co/storage/v1/object/public/logos/flags/4x3/tc.svg
tv,Tuvalu,Oceania,Funafuti,https://wvasmffspxkdbyxrrhzc.supabase.co/storage/v1/object/public/logos/flags/1x1/tv.svg,https://wvasmffspxkdbyxrrhzc.supabase.co/storage/v1/object/public/logos/flags/4x3/tv.svg
tr,Türkiye,Asia,Ankara,https://wvasmffspxkdbyxrrhzc.supabase.co/storage/v1/object/public/logos/flags/1x1/tr.svg,https://wvasmffspxkdbyxrrhzc.supabase.co/storage/v1/object/public/logos/flags/4x3/tr.svg
ug,Uganda,Africa,Kampala,https://wvasmffspxkdbyxrrhzc.supabase.co/storage/v1/object/public/logos/flags/1x1/ug.svg,https://wvasmffspxkdbyxrrhzc.supabase.co/storage/v1/object/public/logos/flags/4x3/ug.svg
ua,Ukraine,Europe,Kiev,https://wvasmffspxkdbyxrrhzc.supabase.co/storage/v1/object/public/logos/flags/1x1/ua.svg,https://wvasmffspxkdbyxrrhzc.supabase.co/storage/v1/object/public/logos/flags/4x3/ua.svg
ae,United Arab Emirates,Asia,Abu Dhabi,https://wvasmffspxkdbyxrrhzc.supabase.co/storage/v1/object/public/logos/flags/1x1/ae.svg,https://wvasmffspxkdbyxrrhzc.supabase.co/storage/v1/object/public/logos/flags/4x3/ae.svg
gb,United Kingdom,Europe,London,https://wvasmffspxkdbyxrrhzc.supabase.co/storage/v1/object/public/logos/flags/1x1/gb.svg,https://wvasmffspxkdbyxrrhzc.supabase.co/storage/v1/object/public/logos/flags/4x3/gb.svg
un,United Nations,,,https://wvasmffspxkdbyxrrhzc.supabase.co/storage/v1/object/public/logos/flags/1x1/un.svg,https://wvasmffspxkdbyxrrhzc.supabase.co/storage/v1/object/public/logos/flags/4x3/un.svg
um,United States Minor Outlying Islands,North America,"Washington, D.C.",https://wvasmffspxkdbyxrrhzc.supabase.co/storage/v1/object/public/logos/flags/1x1/um.svg,https://wvasmffspxkdbyxrrhzc.supabase.co/storage/v1/object/public/logos/flags/4x3/um.svg
us,United States of America,North America,"Washington, D.C.",https://wvasmffspxkdbyxrrhzc.supabase.co/storage/v1/object/public/logos/flags/1x1/us.svg,https://wvasmffspxkdbyxrrhzc.supabase.co/storage/v1/object/public/logos/flags/4x3/us.svg
xx,Unknown,,,https://wvasmffspxkdbyxrrhzc.supabase.co/storage/v1/object/public/logos/flags/1x1/xx.svg,https://wvasmffspxkdbyxrrhzc.supabase.co/storage/v1/object/public/logos/flags/4x3/xx.svg
uy,Uruguay,South America,Montevideo,https://wvasmffspxkdbyxrrhzc.supabase.co/storage/v1/object/public/logos/flags/1x1/uy.svg,https://wvasmffspxkdbyxrrhzc.supabase.co/storage/v1/object/public/logos/flags/4x3/uy.svg
uz,Uzbekistan,Asia,Tashkent,https://wvasmffspxkdbyxrrhzc.supabase.co/storage/v1/object/public/logos/flags/1x1/uz.svg,https://wvasmffspxkdbyxrrhzc.supabase.co/storage/v1/object/public/logos/flags/4x3/uz.svg
vu,Vanuatu,Oceania,Port Vila,https://wvasmffspxkdbyxrrhzc.supabase.co/storage/v1/object/public/logos/flags/1x1/vu.svg,https://wvasmffspxkdbyxrrhzc.supabase.co/storage/v1/object/public/logos/flags/4x3/vu.svg
ve,Venezuela,South America,Caracas,https://wvasmffspxkdbyxrrhzc.supabase.co/storage/v1/object/public/logos/flags/1x1/ve.svg,https://wvasmffspxkdbyxrrhzc.supabase.co/storage/v1/object/public/logos/flags/4x3/ve.svg
vn,Vietnam,Asia,Hanoi,https://wvasmffspxkdbyxrrhzc.supabase.co/storage/v1/object/public/logos/flags/1x1/vn.svg,https://wvasmffspxkdbyxrrhzc.supabase.co/storage/v1/object/public/logos/flags/4x3/vn.svg
vg,Virgin Islands (British),North America,Road Town,https://wvasmffspxkdbyxrrhzc.supabase.co/storage/v1/object/public/logos/flags/1x1/vg.svg,https://wvasmffspxkdbyxrrhzc.supabase.co/storage/v1/object/public/logos/flags/4x3/vg.svg
vi,Virgin Islands (U.S.),North America,Charlotte Amalie,https://wvasmffspxkdbyxrrhzc.supabase.co/storage/v1/object/public/logos/flags/1x1/vi.svg,https://wvasmffspxkdbyxrrhzc.supabase.co/storage/v1/object/public/logos/flags/4x3/vi.svg
gb-wls,Wales,Europe,Cardiff,https://wvasmffspxkdbyxrrhzc.supabase.co/storage/v1/object/public/logos/flags/1x1/gb-wls.svg,https://wvasmffspxkdbyxrrhzc.supabase.co/storage/v1/object/public/logos/flags/4x3/gb-wls.svg
wf,Wallis and Futuna,Oceania,Mata-Utu,https://wvasmffspxkdbyxrrhzc.supabase.co/storage/v1/object/public/logos/flags/1x1/wf.svg,https://wvasmffspxkdbyxrrhzc.supabase.co/storage/v1/object/public/logos/flags/4x3/wf.svg
eh,Western Sahara,Africa,Laayoune,https://wvasmffspxkdbyxrrhzc.supabase.co/storage/v1/object/public/logos/flags/1x1/eh.svg,https://wvasmffspxkdbyxrrhzc.supabase.co/storage/v1/object/public/logos/flags/4x3/eh.svg
ye,Yemen,Asia,Sana'a,https://wvasmffspxkdbyxrrhzc.supabase.co/storage/v1/object/public/logos/flags/1x1/ye.svg,https://wvasmffspxkdbyxrrhzc.supabase.co/storage/v1/object/public/logos/flags/4x3/ye.svg
zm,Zambia,Africa,Lusaka,https://wvasmffspxkdbyxrrhzc.supabase.co/storage/v1/object/public/logos/flags/1x1/zm.svg,https://wvasmffspxkdbyxrrhzc.supabase.co/storage/v1/object/public/logos/flags/4x3/zm.svg
zw,Zimbabwe,Africa,Harare,https://wvasmffspxkdbyxrrhzc.supabase.co/storage/v1/object/public/logos/flags/1x1/zw.svg,https://wvasmffspxkdbyxrrhzc.supabase.co/storage/v1/object/public/logos/flags/4x3/zw.svg
